{"loss": [1.3983651399612427, 0.46060529351234436, 0.27742165327072144, 0.19082951545715332, 0.13906066119670868, 0.11050001531839371, 0.0885162428021431, 0.07807818800210953, 0.06844782084226608, 0.05755821615457535], "accuracy": [0.5863574743270874, 0.8540863394737244, 0.909709095954895, 0.9375061988830566, 0.954249918460846, 0.9631410241127014, 0.9707660675048828, 0.9744078516960144, 0.9775944352149963, 0.9811224341392517], "val_loss": [0.5455036759376526, 0.2849457561969757, 0.19596387445926666, 0.1816841959953308, 0.1956474632024765, 0.21193605661392212, 0.15919825434684753, 0.12235765159130096, 0.16430501639842987, 0.12053651362657547], "val_accuracy": [0.8276804089546204, 0.9083200693130493, 0.9353516697883606, 0.9421238303184509, 0.9371727705001831, 0.9379695057868958, 0.9511722922325134, 0.9630093574523926, 0.9515706896781921, 0.9653425812721252]}